use SaleOrder;

-- Chèn dữ liệu vào bảng customer
INSERT INTO customer (CustomerID, CustomerFirstName, CustomerLastName, CustomerAddress, CustomerSuburb, CustomerCity, CustomerPostCode, CustomerPhoneNumber)
VALUES
(1, 'John', 'Doe', '123 Main St', 'Suburb A', 'City A', '1234', '12345678901'),
(2, 'Jane', 'Smith', '456 Oak St', NULL, 'City B', '5678', '23456789012'),
(3, 'Michael', 'Johnson', '789 Pine St', 'Suburb C', 'City C', '9012', NULL),
(4, 'Chris', 'Evans', '101 Maple St', 'Suburb D', 'City D', NULL, '45678901234'),
(5, 'Emma', 'Watson', '202 Cedar St', 'Suburb E', 'City E', '7890', NULL),
(6, 'Liam', 'Brown', '303 Birch St', 'Suburb F', 'City F', '1122', '67890123456'),
(7, 'Olivia', 'Davis', '404 Elm St', NULL, 'City G', '3344', '78901234567'),
(8, 'Noah', 'Wilson', '505 Ash St', 'Suburb H', 'City H', '5566', NULL),
(9, 'Ava', 'Taylor', '606 Fir St', 'Suburb I', 'City I', '7788', NULL),
(10, 'Sophia', 'Moore', '707 Oak St', NULL, 'City J', '9900', '01234567890');

-- Chèn dữ liệu vào bảng inventory
INSERT INTO inventory (InventoryID, InventoryName, InventoryDescription)
VALUES
(1, 'Laptop', '15 inch laptop with 16GB RAM'),
(2, 'Smartphone', 'Latest model smartphone with 128GB storage'),
(3, 'Tablet', NULL),
(4, 'Monitor', '27 inch 4K monitor'),
(5, 'Keyboard', NULL),
(6, 'Mouse', 'Wireless mouse with ergonomic design'),
(7, 'Headphones', NULL),
(8, 'Printer', 'Laser printer with duplex printing'),
(9, 'Camera', 'DSLR camera with 24MP sensor'),
(10, 'Router', NULL);

-- Chèn dữ liệu vào bảng employee
INSERT INTO employee (EmployeeID, EmployeeFirstName, EmployeeLastName, EmployeeExtension)
VALUES
(1, 'Alice', 'Brown', '1001'),
(2, 'Bob', 'White', NULL),
(3, 'Carol', 'Green', '1003'),
(4, 'David', 'Black', NULL),
(5, 'Eva', 'Blue', '1005');


-- Chèn dữ liệu vào bảng sale với tổng cộng 100 giao dịch
INSERT INTO sale (SaleID, CustomerID, InventoryID, EmployeeID, SaleDate, SaleQuantity, SaleUnitPrice)
VALUES
(1, 1, 1, 1, '2024-01-01', 1, 1500.00),
(2, 1, 2, 2, '2024-01-02', 2, 1200.00),
(3, 1, 3, 3, '2024-01-03', 1, 500.00),
(4, 1, 4, 4, '2024-01-04', 3, 450.00),
(5, 1, 5, 5, '2024-01-05', 2, 750.00),
(6, 1, 6, 1, '2024-01-06', 1, 200.00),
(7, 1, 7, 2, '2024-01-07', 3, 300.00),
(8, 1, 8, 3, '2024-01-08', 2, 400.00),
(9, 1, 9, 4, '2024-01-09', 1, 800.00),
(10, 1, 10, 5, '2024-01-10', 4, 600.00),
(11, 1, 1, 1, '2024-01-11', 1, 1500.00),
(12, 1, 2, 2, '2024-01-12', 2, 1200.00),
(13, 1, 3, 3, '2024-01-13', 1, 500.00),
(14, 1, 4, 4, '2024-01-14', 3, 450.00),
(15, 1, 5, 5, '2024-01-15', 2, 750.00),
(16, 1, 6, 1, '2024-01-16', 1, 200.00),
(17, 1, 7, 2, '2024-01-17', 3, 300.00),
(18, 1, 8, 3, '2024-01-18', 2, 400.00),
(19, 1, 9, 4, '2024-01-19', 1, 800.00),
(20, 1, 10, 5, '2024-01-20', 4, 600.00),
(21, 2, 1, 1, '2024-01-21', 1, 1500.00),
(22, 2, 2, 2, '2024-01-22', 2, 1200.00),
(23, 2, 3, 3, '2024-01-23', 1, 500.00),
(24, 2, 4, 4, '2024-01-24', 3, 450.00),
(25, 2, 5, 5, '2024-01-25', 2, 750.00),
(26, 2, 6, 1, '2024-01-26', 1, 200.00),
(27, 2, 7, 2, '2024-01-27', 3, 300.00),
(28, 2, 8, 3, '2024-01-28', 2, 400.00),
(29, 2, 9, 4, '2024-01-29', 1, 800.00),
(30, 2, 10, 5, '2024-01-30', 4, 600.00),
(31, 2, 1, 1, '2024-01-31', 1, 1500.00),
(32, 2, 2, 2, '2024-02-01', 2, 1200.00),
(33, 2, 3, 3, '2024-02-02', 1, 500.00),
(34, 2, 4, 4, '2024-02-03', 3, 450.00),
(35, 2, 5, 5, '2024-02-04', 2, 750.00),
(36, 3, 1, 1, '2024-02-05', 1, 1500.00),
(37, 3, 2, 2, '2024-02-06', 2, 1200.00),
(38, 3, 3, 3, '2024-02-07', 1, 500.00),
(39, 3, 4, 4, '2024-02-08', 3, 450.00),
(40, 3, 5, 5, '2024-02-09', 2, 750.00),
(41, 3, 6, 1, '2024-02-10', 1, 200.00),
(42, 3, 7, 2, '2024-02-11', 3, 300.00),
(43, 3, 8, 3, '2024-02-12', 2, 400.00),
(44, 3, 9, 4, '2024-02-13', 1, 800.00),
(45, 3, 10, 5, '2024-02-14', 4, 600.00),
(46, 4, 1, 1, '2024-02-15', 1, 1500.00),
(47, 4, 2, 2, '2024-02-16', 2, 1200.00),
(48, 4, 3, 3, '2024-02-17', 1, 500.00),
(49, 4, 4, 4, '2024-02-18', 3, 450.00),
(50, 4, 5, 5, '2024-02-19', 2, 750.00),
(51, 4, 6, 1, '2024-02-20', 1, 200.00),
(52, 4, 7, 2, '2024-02-21', 3, 300.00),
(53, 4, 8, 3, '2024-02-22', 2, 400.00),
(54, 5, 1, 1, '2024-02-23', 1, 1500.00),
(55, 5, 2, 2, '2024-02-24', 2, 1200.00),
(56, 5, 3, 3, '2024-02-25', 1, 500.00),
(57, 5, 4, 4, '2024-02-26', 3, 450.00),
(58, 5, 5, 5, '2024-02-27', 2, 750.00),
(59, 6, 1, 1, '2024-02-28', 1, 1500.00),
(60, 6, 2, 2, '2024-03-01', 2, 1200.00),
(61, 6, 3, 3, '2024-03-02', 1, 500.00),
(62, 6, 4, 4, '2024-03-03', 3, 450.00),
(63, 6, 5, 5, '2024-03-04', 2, 750.00),
(64, 6, 6, 1, '2024-03-05', 1, 200.00),
(65, 6, 7, 2, '2024-03-06', 3, 300.00),
(66, 6, 8, 3, '2024-03-07', 2, 400.00),
(67, 6, 9, 4, '2024-03-08', 1, 800.00),
(68, 6, 10, 5, '2024-03-09', 4, 600.00),
(69, 7, 1, 1, '2024-03-10', 1, 1500.00),
(70, 7, 2, 2, '2024-03-11', 2, 1200.00),
(71, 7, 3, 3, '2024-03-12', 1, 500.00),
(72, 7, 4, 4, '2024-03-13', 3, 450.00),
(73, 7, 5, 5, '2024-03-14', 2, 750.00),
(74, 7, 6, 1, '2024-03-15', 1, 200.00),
(75, 7, 7, 2, '2024-03-16', 3, 300.00),
(76, 7, 8, 3, '2024-03-17', 2, 400.00),
(77, 7, 9, 4, '2024-03-18', 1, 800.00),
(78, 7, 10, 5, '2024-03-19', 4, 600.00),
(79, 8, 1, 1, '2024-03-20', 1, 1500.00),
(80, 8, 2, 2, '2024-03-21', 2, 1200.00),
(81, 8, 3, 3, '2024-03-22', 1, 500.00),
(82, 8, 4, 4, '2024-03-23', 3, 450.00),
(83, 8, 5, 5, '2024-03-24', 2, 750.00),
(84, 8, 6, 1, '2024-03-25', 1, 200.00),
(85, 8, 7, 2, '2024-03-26', 3, 300.00),
(86, 9, 1, 1, '2024-03-27', 1, 1500.00),
(87, 9, 2, 2, '2024-03-28', 2, 1200.00),
(88, 9, 3, 3, '2024-03-29', 1, 500.00),
(89, 9, 4, 4, '2024-03-30', 3, 450.00),
(90, 9, 5, 5, '2024-03-31', 2, 750.00),
(91, 9, 6, 1, '2024-04-01', 1, 200.00),
(92, 9, 7, 2, '2024-04-02', 3, 300.00),
(93, 9, 8, 3, '2024-04-03', 2, 400.00),
(94, 9, 9, 4, '2024-04-04', 1, 800.00),
(95, 9, 10, 5, '2024-04-05', 4, 600.00),
(96, 10, 1, 1, '2024-04-06', 1, 1500.00),
(97, 10, 2, 2, '2024-04-07', 2, 1200.00),
(98, 10, 3, 3, '2024-04-08', 1, 500.00),
(99, 10, 4, 4, '2024-04-09', 3, 450.00),
(100, 10, 5, 5, '2024-04-10', 2, 750.00);